Model,Accuracy,ROC-AUC,Precision,Recall,F1-score
MLP,0.9804560260586319,0.9106793223801822,0.9767441860465116,0.8235294117647058,0.8936170212765957
1D-CNN,0.9791530944625407,0.9128619127342207,0.9548872180451128,0.8300653594771242,0.8881118881118881
LSTM,0.9002607561929595,0.5,0.0,0.0,0.0
Autoencoder,0.9504885993485342,0.7516339869281046,1.0,0.5032679738562091,0.6695652173913044
