Model,Precision,Recall,F1-score
MLP,0.9440559440559441,0.8823529411764706,0.9121621621621622
1D-CNN,0.9699248120300752,0.8431372549019608,0.9020979020979021
Autoencoder,0.6527777777777778,0.9215686274509803,0.7642276422764228
